"name","15_min","hour","day","week","month"
"Apple","Venta fuerte","Venta fuerte","Venta fuerte","Venta","Compra fuerte"
"Microsoft","Venta fuerte","Neutral","Neutral","Neutral","Compra fuerte"
"Amazon.com","Venta fuerte","Venta fuerte","Venta fuerte","Venta","Compra fuerte"
"Alphabet A","Compra fuerte","Compra fuerte","Compra fuerte","Compra fuerte","Compra fuerte"
"Alphabet C","Venta fuerte","Venta","Compra","Compra fuerte","Compra fuerte"
"Facebook","Venta fuerte","Compra fuerte","Compra fuerte","Compra fuerte","Compra fuerte"
"Alibaba ADR","Neutral","Venta fuerte","Venta fuerte","Venta fuerte","Venta"
"Tencent ADR","Neutral","Venta fuerte","Venta fuerte","Venta fuerte","Compra"
"Berkshire Hathaway B","Venta","Compra fuerte","Compra fuerte","Compra fuerte","Compra fuerte"
"Tesla","Venta fuerte","Neutral","Venta fuerte","Venta","Compra fuerte"
"Taiwan Semiconductor","Compra fuerte","Compra","Venta","Venta","Compra fuerte"
"JPMorgan","Neutral","Compra fuerte","Compra fuerte","Compra fuerte","Compra fuerte"
"J&J","Neutral","Compra fuerte","Compra fuerte","Compra fuerte","Compra fuerte"
"Visa A","Neutral","Compra fuerte","Neutral","Compra fuerte","Compra fuerte"
"Walmart","Venta fuerte","Neutral","Neutral","Neutral","Compra"
"UnitedHealth","Compra fuerte","Compra fuerte","Compra fuerte","Compra fuerte","Compra fuerte"
"Louis Vuitton","Compra fuerte","Compra fuerte","Compra fuerte","Compra fuerte","Compra fuerte"
"NVIDIA","Neutral","Compra fuerte","Compra fuerte","Compra fuerte","Compra fuerte"
"Mastercard","Neutral","Neutral","Neutral","Neutral","Compra fuerte"
"Bank of America","Compra fuerte","Compra fuerte","Compra fuerte","Compra fuerte","Compra fuerte"
"Nestlé","Compra","Compra fuerte","Compra fuerte","Compra fuerte","Compra fuerte"
"Samsung Electronics DRC","Venta fuerte","Venta fuerte","Venta fuerte","Neutral","Compra fuerte"
"Home Depot","Neutral","Venta","Venta","Compra fuerte","Compra fuerte"
"Roche Holding Participation","Compra fuerte","Compra fuerte","Compra fuerte","Neutral","Neutral"
"Walt Disney","Venta","Neutral","Venta fuerte","Venta","Compra fuerte"
"PayPal Holdings Inc","Venta","Compra fuerte","Neutral","Neutral","Compra fuerte"
"ASML Holding","Compra fuerte","Compra fuerte","Compra fuerte","Compra fuerte","Compra fuerte"
"Comcast","Venta fuerte","Venta fuerte","Venta fuerte","Neutral","Compra fuerte"
"Exxon Mobil","Venta fuerte","Venta fuerte","Venta fuerte","Compra","Compra fuerte"
"L'Oréal","Compra fuerte","Compra fuerte","Compra fuerte","Compra fuerte","Compra fuerte"
"Verizon","Neutral","Neutral","Venta fuerte","Venta fuerte","Venta"
"Coca-Cola","Neutral","Compra fuerte","Compra fuerte","Compra fuerte","Compra fuerte"
"Unilever ADR","Compra fuerte","Compra fuerte","Compra fuerte","Compra fuerte","Compra fuerte"
"Adobe","Compra fuerte","Compra fuerte","Neutral","Neutral","Compra fuerte"
"JD.com Inc Adr","Venta fuerte","Venta fuerte","Venta fuerte","Venta fuerte","Neutral"
"Oracle","Compra fuerte","Compra fuerte","Compra fuerte","Compra fuerte","Compra fuerte"
"Intel","Venta","Neutral","Venta","Venta fuerte","Neutral"
"Cisco","Compra","Compra fuerte","Compra","Compra fuerte","Compra fuerte"
"Netflix","Venta fuerte","Compra fuerte","Venta","Venta fuerte","Neutral"
"AT&T","Venta","Neutral","Venta fuerte","Neutral","Venta fuerte"
"Nike","Venta fuerte","Venta fuerte","Venta fuerte","Venta","Compra fuerte"
"Abbott Labs","Neutral","Neutral","Venta fuerte","Venta","Compra fuerte"
"Salesforce.com","Venta","Compra fuerte","Neutral","Venta","Neutral"
"AbbVie","Compra fuerte","Compra fuerte","Compra fuerte","Compra fuerte","Compra fuerte"
"PepsiCo","Compra fuerte","Compra fuerte","Compra fuerte","Compra fuerte","Compra fuerte"
"Chevron","Compra fuerte","Compra","Venta fuerte","Compra","Compra fuerte"
"Merck&Co","Venta fuerte","Neutral","Compra fuerte","Compra fuerte","Neutral"
"Novartis ADR","Neutral","Venta fuerte","Venta fuerte","Venta fuerte","Venta"
"Eli Lilly","Neutral","Compra fuerte","Compra fuerte","Compra fuerte","Compra fuerte"
"Wells Fargo&Co","Neutral","Compra","Neutral","Compra fuerte","Compra fuerte"
"Accenture","Compra","Compra fuerte","Compra fuerte","Compra fuerte","Compra fuerte"
"BHP Billiton Ltd ADR","Neutral","Compra fuerte","Compra fuerte","Compra fuerte","Compra fuerte"
"Novo Nordisk ADR","Neutral","Compra","Compra fuerte","Compra fuerte","Compra fuerte"
"United Parcel Service","Neutral","Compra fuerte","Compra fuerte","Compra fuerte","Compra fuerte"
"Broadcom","Venta","Venta fuerte","Neutral","Neutral","Compra fuerte"
"Thermo Fisher Scientific","Venta fuerte","Neutral","Venta fuerte","Venta fuerte","Compra fuerte"
"Danaher","Venta fuerte","Neutral","Neutral","Compra fuerte","Compra fuerte"
"McDonald’s","Venta","Neutral","Neutral","Compra fuerte","Compra fuerte"
"Medtronic","Compra fuerte","Compra fuerte","Compra fuerte","Compra fuerte","Compra fuerte"
"Texas Instruments","Compra","Compra fuerte","Compra fuerte","Compra","Compra fuerte"
"Costco","Venta fuerte","Neutral","Compra fuerte","Compra fuerte","Compra fuerte"
"SAP ADR","Compra fuerte","Compra fuerte","Compra fuerte","Compra","Compra"
"Morgan Stanley","Compra fuerte","Compra fuerte","Compra fuerte","Compra fuerte","Compra fuerte"
"Citigroup","Compra fuerte","Compra fuerte","Compra fuerte","Compra fuerte","Compra fuerte"
"Royal Dutch Shell ADR","Compra fuerte","Neutral","Neutral","Venta fuerte","Venta"
"Royal Dutch Shell B ADR","Venta fuerte","Venta fuerte","Venta fuerte","Venta","Venta fuerte"
"Honeywell","Compra","Compra","Neutral","Compra fuerte","Compra fuerte"
"Shopify Inc","Compra","Compra fuerte","Compra fuerte","Compra fuerte","Compra fuerte"
"AstraZeneca ADR","Compra fuerte","Compra fuerte","Compra fuerte","Compra fuerte","Compra fuerte"
"China Life Insurance ADR","Compra","Venta","Venta fuerte","Venta fuerte","Venta fuerte"
"Bristol-Myers Squibb","Neutral","Compra fuerte","Compra fuerte","Compra fuerte","Compra fuerte"
"Anheuser Busch Inbev","Compra","Compra","Compra fuerte","Compra fuerte","Compra fuerte"
"Qualcomm","Compra","Compra fuerte","Venta","Venta fuerte","Compra fuerte"
"Fomento Economico Mexicano UBD","Neutral","Venta fuerte","Compra fuerte","Compra fuerte","Compra fuerte"
"Union Pacific","Venta fuerte","Venta fuerte","Neutral","Compra fuerte","Compra fuerte"
"Amgen","Compra","Compra fuerte","Compra fuerte","Compra fuerte","Compra fuerte"
"The Charles Schwab","Compra fuerte","Compra fuerte","Compra fuerte","Compra fuerte","Compra fuerte"
"Rio Tinto ADR","Venta fuerte","Venta fuerte","Venta fuerte","Compra fuerte","Compra fuerte"
"Boeing","Compra fuerte","Compra fuerte","Compra fuerte","Venta fuerte","Compra fuerte"
"Sanofi ADR","Compra fuerte","Compra fuerte","Compra fuerte","Compra fuerte","Compra fuerte"
"PetroChina ADR","Compra fuerte","Compra fuerte","Compra","Neutral","Venta fuerte"
"Volkswagen VZO","Venta fuerte","Venta fuerte","Neutral","Compra fuerte","Compra fuerte"
"China Mobile ADR",,,,,
"BlackRock","Compra","Compra fuerte","Compra fuerte","Compra fuerte","Compra fuerte"
"Starbucks","Venta fuerte","Venta fuerte","Venta","Compra","Compra fuerte"
"Raytheon Technologies","Compra fuerte","Compra fuerte","Compra fuerte","Compra fuerte","Compra fuerte"
"Caterpillar","Compra fuerte","Compra fuerte","Compra fuerte","Compra fuerte","Compra fuerte"
"IBM","Compra","Compra fuerte","Compra fuerte","Compra fuerte","Compra fuerte"
"HSBC ADR","Compra fuerte","Compra fuerte","Compra fuerte","Compra fuerte","Compra fuerte"
"American Express","Neutral","Compra fuerte","Compra fuerte","Compra fuerte","Compra fuerte"
"Total ADR","Compra","Compra","Neutral","Neutral","Compra fuerte"
"Goldman Sachs","Neutral","Compra fuerte","Compra fuerte","Compra fuerte","Compra fuerte"
"Inditex","Compra fuerte","Compra fuerte","Compra fuerte","Compra fuerte","Compra fuerte"
"Intuit","Compra fuerte","Compra fuerte","Compra fuerte","Compra fuerte","Compra fuerte"
"CVS Health Corp","Compra","Compra fuerte","Compra fuerte","Compra fuerte","Compra fuerte"
"3M","Compra","Compra fuerte","Compra fuerte","Compra fuerte","Compra fuerte"
"General Electric","Compra fuerte","Compra fuerte","Compra fuerte","Compra","Compra fuerte"
"Target","Compra fuerte","Compra fuerte","Compra fuerte","Compra fuerte","Compra fuerte"
"Diageo ADR","Neutral","Compra","Compra fuerte","Compra fuerte","Compra fuerte"
"Kering","Compra fuerte","Compra fuerte","Compra fuerte","Compra fuerte","Compra fuerte"
"Coca Cola Femsa UB","Compra","Compra fuerte","Neutral","Compra fuerte","Neutral"
"Estee Lauder","Compra fuerte","Compra fuerte","Neutral","Compra fuerte","Compra fuerte"
"Lockheed Martin","Neutral","Compra fuerte","Compra fuerte","Compra fuerte","Neutral"
"Vale ADR","Venta","Venta fuerte","Venta","Compra fuerte","Compra fuerte"
"Enel","Neutral","Compra fuerte","Compra fuerte","Compra fuerte","Compra fuerte"
"Deutsche Tel.","Compra fuerte","Neutral","Compra fuerte","Compra fuerte","Compra fuerte"
"Daimler",,,,,
"Anthem","Compra fuerte","Compra fuerte","Compra fuerte","Compra fuerte","Compra fuerte"
"GlaxoSmithKline ADR","Compra fuerte","Compra fuerte","Compra fuerte","Neutral","Neutral"
"Stryker","Neutral","Compra fuerte","Neutral","Compra fuerte","Compra fuerte"
"Nippon Telegraph & Telephone Corp","Neutral","Venta fuerte","Venta fuerte","Venta","Venta"
"Booking","Compra","Neutral","Venta","Neutral","Compra fuerte"
"AMD","Compra fuerte","Compra fuerte","Neutral","Venta fuerte","Compra"
"Fidelity National Info","Compra fuerte","Compra fuerte","Compra fuerte","Compra fuerte","Compra fuerte"
"Altria","Venta","Venta fuerte","Compra fuerte","Compra fuerte","Compra fuerte"
"Uber Tech","Neutral","Compra","Neutral","Venta","Compra fuerte"
"S&P Global","Neutral","Neutral","Neutral","Compra fuerte","Compra fuerte"
"Micron","Venta","Compra","Venta","Venta","Compra fuerte"
"Cigna","Compra fuerte","Compra fuerte","Compra fuerte","Compra fuerte","Compra fuerte"
"U.S. Bancorp","Neutral","Compra fuerte","Compra fuerte","Compra fuerte","Compra fuerte"
"Mondelez","Compra fuerte","Compra fuerte","Compra fuerte","Compra fuerte","Compra fuerte"
"Xiaomi","Compra fuerte","Compra","Venta","Venta fuerte","Neutral"
"BP ADR","Compra fuerte","Compra fuerte","Compra fuerte","Compra fuerte","Neutral"
"Prologis","Compra fuerte","Compra fuerte","Compra fuerte","Compra fuerte","Compra fuerte"
"Gilead","Compra fuerte","Compra fuerte","Compra fuerte","Compra fuerte","Neutral"
"Iberdrola","Venta fuerte","Venta fuerte","Venta fuerte","Venta","Compra fuerte"
"BNP Paribas","Compra fuerte","Compra fuerte","Compra fuerte","Compra fuerte","Compra fuerte"
"Airbnb","Venta fuerte","Venta fuerte","Venta fuerte","Neutral","Compra"
"Coca Cola Femsa L","Compra fuerte","Compra fuerte","Compra fuerte","Compra fuerte","Compra"
"China Petrol & Chemical ADR","Venta fuerte","Neutral","Neutral","Venta","Neutral"
"FedEx","Venta","Compra fuerte","Compra fuerte","Compra fuerte","Compra fuerte"
"General Motors","Compra fuerte","Compra fuerte","Compra","Compra","Compra fuerte"
"TJX","Venta fuerte","Venta fuerte","Venta","Venta","Compra fuerte"
"Bank of Nova Scotia","Compra fuerte","Compra fuerte","Compra fuerte","Compra fuerte","Compra fuerte"
"NetEase","Compra fuerte","Compra fuerte","Compra","Neutral","Compra fuerte"
"Fiserv","Neutral","Neutral","Venta fuerte","Neutral","Compra"
"ConocoPhillips","Compra fuerte","Compra fuerte","Compra fuerte","Compra","Compra fuerte"
"Sherwin-Williams","Venta","Neutral","Neutral","Venta fuerte","Venta"
"Cognizant A",,,,,
"Activision Blizzard","Venta fuerte","Compra","Compra fuerte","Neutral","Compra fuerte"
"Mitsubishi UFJ Financial ADR","Neutral","Neutral","Compra fuerte","Compra","Neutral"
"Illinois Tool Works",,,,,
"Capital One Financial","Neutral","Compra fuerte","Compra fuerte","Compra fuerte","Compra fuerte"
"Adidas","Compra fuerte","Compra fuerte","Compra fuerte","Compra fuerte","Compra fuerte"
"Santander","Venta fuerte","Venta fuerte","Compra fuerte","Compra fuerte","Compra fuerte"
"Nintendo","Neutral","Venta","Venta","Venta","Compra fuerte"
"MercadoLibre","Compra fuerte","Compra fuerte","Venta fuerte","Venta fuerte","Compra fuerte"
"ABB ADR","Compra fuerte","Neutral","Compra fuerte","Compra fuerte","Compra fuerte"
"VMware","Compra fuerte","Compra fuerte","Compra fuerte","Compra fuerte","Compra fuerte"
"Bayer","Compra fuerte","Compra fuerte","Compra fuerte","Compra fuerte","Neutral"
"Stellantis NV","Neutral","Neutral","Compra fuerte","Compra fuerte","Compra fuerte"
"Axa","Neutral","Compra","Compra fuerte","Compra fuerte","Compra fuerte"
"Reckitt Benckiser","Compra fuerte","Neutral","Neutral","Venta","Compra"
"Moderna","Venta fuerte","Venta fuerte","Compra fuerte","Compra fuerte","Compra fuerte"
"Atlas Copco A","Neutral","Neutral","Neutral","Compra fuerte","Compra fuerte"
"Vinci","Compra fuerte","Compra fuerte","Compra fuerte","Compra fuerte","Compra fuerte"
"ICE","Compra","Neutral","Compra","Compra fuerte","Compra fuerte"
"Petroleo Brasileiro Petrobras ADR","Venta fuerte","Venta fuerte","Compra fuerte","Compra","Neutral"
"Cemex","Venta","Compra fuerte","Compra fuerte","Compra fuerte","Compra fuerte"
"Ecolab","Venta fuerte","Venta fuerte","Venta fuerte","Venta","Compra"
"Northrop Grumman","Neutral","Compra fuerte","Compra fuerte","Compra fuerte","Compra fuerte"
"Freeport-McMoran","Venta fuerte","Neutral","Neutral","Compra fuerte","Compra fuerte"
"Edwards Lifesciences","Compra fuerte","Compra fuerte","Neutral","Neutral","Compra fuerte"
"Intesa",,,,,
"Illumina","Neutral","Compra","Neutral","Neutral","Compra"
"Glencore",,,,,
"BMW","Venta","Neutral","Compra fuerte","Compra fuerte","Compra fuerte"
"Banco Santander Brasil ADR",,,,,
"Emerson","Compra fuerte","Compra","Compra fuerte","Compra fuerte","Compra fuerte"
"UBS Group","Compra","Compra","Compra fuerte","Compra fuerte","Compra fuerte"
"Prudential Public ADR","Compra fuerte","Compra fuerte","Compra fuerte","Compra fuerte","Compra fuerte"
"NXP","Compra fuerte","Compra fuerte","Neutral","Compra fuerte","Compra fuerte"
"Vertex","Neutral","Neutral","Venta fuerte","Venta fuerte","Neutral"
"Wal Mart de Mexico","Compra fuerte","Compra fuerte","Neutral","Neutral","Compra fuerte"
"Twilio","Neutral","Compra fuerte","Venta fuerte","Venta fuerte","Compra fuerte"
"Itau Unibanco","Neutral","Compra fuerte","Compra fuerte","Neutral","Venta fuerte"
"Kraft Heinz","Venta","Neutral","Compra fuerte","Compra fuerte","Compra fuerte"
"Southern Copper","Compra fuerte","Compra fuerte","Compra fuerte","Compra fuerte","Compra fuerte"
"General Dynamics","Venta","Compra","Compra fuerte","Compra fuerte","Compra fuerte"
"Ford Motor","Compra fuerte","Compra fuerte","Compra fuerte","Compra fuerte","Compra fuerte"
"ING ADR","Compra fuerte","Compra fuerte","Compra fuerte","Compra fuerte","Compra fuerte"
"Honda Motor ADR","Compra","Venta","Venta","Compra","Compra fuerte"
"Nio A ADR","Compra fuerte","Compra fuerte","Venta fuerte","Venta fuerte","Compra fuerte"
"Ambev SA","Venta fuerte","Venta","Compra fuerte","Compra fuerte","Compra"
"Ferrari NV","Venta","Venta fuerte","Venta fuerte","Venta fuerte","Compra fuerte"
"Infineon","Venta fuerte","Neutral","Neutral","Compra","Compra fuerte"
"América Móvil","Neutral","Compra fuerte","Compra fuerte","Compra fuerte","Compra fuerte"
"TAL Education","Venta","Venta fuerte","Venta fuerte","Venta fuerte","Venta fuerte"
"Baidu","Venta fuerte","Venta fuerte","Venta fuerte","Venta fuerte","Compra"
"Lloyds Banking ADR","Compra fuerte","Venta fuerte","Venta fuerte","Venta fuerte","Venta fuerte"
"America Movil A","Venta fuerte","Venta fuerte","Compra","Compra fuerte","Compra"
"Walgreens Boots","Compra fuerte","Compra fuerte","Compra fuerte","Compra fuerte","Compra fuerte"
"EOG Resources","Compra fuerte","Compra fuerte","Compra fuerte","Compra fuerte","Compra fuerte"
"Constellation Brands A","Compra fuerte","Compra fuerte","Neutral","Compra","Compra fuerte"
"LM Ericsson B ADR","Neutral","Venta fuerte","Venta","Neutral","Compra fuerte"
"Exelon","Neutral","Neutral","Compra fuerte","Compra fuerte","Compra fuerte"
"DuPont De Nemours","Compra fuerte","Compra fuerte","Compra fuerte","Compra fuerte","Compra fuerte"
"ENI ADR",,,,,
"Schlumberger","Compra fuerte","Neutral","Compra fuerte","Compra fuerte","Compra"
"Las Vegas Sands","Compra fuerte","Compra fuerte","Neutral","Venta fuerte","Compra fuerte"
"AIG","Neutral","Compra fuerte","Compra fuerte","Compra fuerte","Compra fuerte"
"Ross Stores","Compra fuerte","Neutral","Venta","Neutral","Compra fuerte"
"Barrick Gold","Compra fuerte","Compra fuerte","Compra fuerte","Compra fuerte","Compra"
"TE Connectivity",,,,,
"Spotify Tech","Compra","Compra fuerte","Venta fuerte","Venta fuerte","Venta"
"Twitter Inc","Neutral","Compra","Neutral","Venta","Compra fuerte"
"Barclays ADR","Compra fuerte","Compra fuerte","Compra fuerte","Compra fuerte","Compra fuerte"
"Centene","Compra","Compra fuerte","Compra fuerte","Compra fuerte","Compra fuerte"
"Biogen","Neutral","Compra","Compra fuerte","Compra fuerte","Neutral"
"PPG Industries","Compra fuerte","Compra fuerte","Compra fuerte","Compra fuerte","Compra fuerte"
"Prudential Financial","Compra fuerte","Compra fuerte","Compra fuerte","Compra fuerte","Compra fuerte"
"Baxter","Compra fuerte","Compra fuerte","Compra fuerte","Compra fuerte","Neutral"
"eBay","Compra","Compra fuerte","Compra fuerte","Compra fuerte","Compra fuerte"
"BBVA","Compra","Compra fuerte","Compra fuerte","Compra fuerte","Compra fuerte"
"Sempra Energy","Compra fuerte","Compra fuerte","Compra fuerte","Compra fuerte","Compra fuerte"
"Banco Bradesco","Compra fuerte","Compra fuerte","Neutral","Venta","Venta fuerte"
"The Travelers","Compra","Compra fuerte","Compra fuerte","Compra fuerte","Compra fuerte"
"CRH ADR","Neutral","Neutral","Compra fuerte","Compra fuerte","Compra fuerte"
"Veeva Systems A","Compra fuerte","Neutral","Venta fuerte","Venta","Compra"
"HP Inc","Venta","Venta fuerte","Neutral","Compra fuerte","Compra fuerte"
"Gmexico","Neutral","Venta fuerte","Compra fuerte","Compra fuerte","Compra fuerte"
"Engie","Venta","Venta fuerte","Compra","Compra fuerte","Compra fuerte"
"DocuSign","Neutral","Compra","Venta fuerte","Venta fuerte","Compra fuerte"
"Chipotle Mexican Grill","Venta","Venta fuerte","Venta","Neutral","Compra fuerte"
"Corning","Venta","Neutral","Compra fuerte","Compra fuerte","Compra fuerte"
"Saint Gobain","Compra fuerte","Compra fuerte","Compra fuerte","Compra fuerte",
"Southwest Airlines","Neutral","Venta fuerte","Venta fuerte","Compra fuerte","Compra fuerte"
"Orange ADR","Compra fuerte","Venta fuerte","Venta fuerte","Venta fuerte","Venta fuerte"
"Hilton Worldwide","Venta fuerte","Venta fuerte","Venta","Compra","Compra fuerte"
"ArcelorMittal ADR","Venta","Venta fuerte","Neutral","Compra fuerte","Compra fuerte"
"Howmet",,,,,
"E.ON","Compra fuerte","Compra fuerte","Compra fuerte","Compra fuerte","Compra fuerte"
"McKesson","Compra fuerte","Compra fuerte","Compra fuerte","Compra fuerte","Compra fuerte"
"Valero Energy","Venta fuerte","Venta fuerte","Compra","Compra fuerte","Compra fuerte"
"Capgemini","Compra fuerte","Compra fuerte","Compra fuerte","Compra fuerte","Compra fuerte"
"Carnival Corp","Venta fuerte","Neutral","Compra fuerte","Compra fuerte","Compra fuerte"
"Deutsche Borse","Neutral","Neutral","Compra","Compra fuerte","Compra fuerte"
"Nucor","Compra","Neutral","Compra fuerte","Compra fuerte","Compra fuerte"
"Deutsche Bank","Compra","Compra fuerte","Compra fuerte","Compra fuerte","Compra fuerte"
"Xilinx","Venta fuerte","Venta fuerte","Venta","Neutral","Compra fuerte"
"Ameriprise Financial","Compra fuerte","Compra fuerte","Compra fuerte","Compra fuerte","Compra fuerte"
"Magna Intl","Venta fuerte","Neutral","Compra fuerte","Compra fuerte","Compra fuerte"
"Legrand",,,,,
"Delta Air Lines","Venta fuerte","Neutral","Neutral","Neutral","Compra fuerte"
"Nokia ADR","Venta","Compra fuerte","Compra fuerte","Compra fuerte","Neutral"
"Best Buy","Neutral","Neutral","Compra fuerte","Compra fuerte","Compra fuerte"
"RBC","Neutral","Compra fuerte","Compra fuerte","Compra fuerte","Compra fuerte"
"UniCredit",,,,,
"Swiss Re",,,,,
"Telefonica ADR","Compra fuerte","Compra fuerte","Compra fuerte","Compra fuerte","Venta"
"Société Générale","Compra fuerte","Compra fuerte","Compra fuerte","Compra fuerte","Compra"
"Michelin","Compra","Compra fuerte","Compra fuerte","Compra fuerte","Compra fuerte"
"Synchrony Financial","Compra fuerte","Compra fuerte","Compra fuerte","Compra fuerte","Compra fuerte"
"New Oriental Education&Tech","Venta fuerte","Venta fuerte","Venta fuerte","Venta fuerte","Venta fuerte"
"Credit Suisse ADR","Compra fuerte","Compra","Venta fuerte","Venta fuerte","Venta fuerte"
"Aena",,,,,
"Dollar Tree","Venta","Neutral","Neutral","Compra","Compra fuerte"
"Ecopetrol ADR",,,,,
"International Paper","Compra fuerte","Compra fuerte","Compra fuerte","Compra fuerte","Compra fuerte"
"Canon ADR",,,,,
"Fresenius Medical Care","Compra fuerte","Compra","Neutral","Neutral","Neutral"
"Lennar","Venta fuerte","Venta","Neutral","Compra fuerte","Compra fuerte"
"DISH Network",,,,,
"Martin Marietta Materials","Neutral","Neutral","Neutral","Compra fuerte","Compra fuerte"
"MetLife","Compra fuerte","Compra fuerte","Compra fuerte","Compra fuerte","Compra fuerte"
"Western Digital","Compra fuerte","Compra fuerte","Compra fuerte","Compra fuerte","Compra fuerte"
"Siemens Gamesa","Compra fuerte","Compra fuerte","Compra fuerte","Compra fuerte","Compra fuerte"
"Ferrovial","Neutral","Neutral","Neutral","Compra fuerte","Compra fuerte"
"Teladoc Inc","Venta fuerte","Neutral","Venta fuerte","Venta fuerte","Venta fuerte"
"Hewlett Packard","Compra","Venta fuerte","Compra fuerte","Compra fuerte","Compra fuerte"
"Royal Caribbean Cruises","Venta fuerte","Venta","Neutral","Neutral","Compra fuerte"
"China Unicom Hong Kong ADR",,,,,
"Xylem",,,,,
"Halliburton","Neutral","Compra fuerte","Compra fuerte","Compra fuerte","Compra fuerte"
"Financiero Banorte","Compra fuerte","Compra fuerte","Compra fuerte","Compra fuerte","Compra fuerte"
"Elektra","Compra fuerte","Compra","Compra fuerte","Compra fuerte","Compra fuerte"
"Exor","Compra","Compra","Neutral","Compra fuerte","Compra fuerte"
"MGM","Compra fuerte","Compra fuerte","Compra fuerte","Compra fuerte","Compra fuerte"
"Cooper","Neutral","Compra fuerte","Compra fuerte","Compra fuerte","Compra fuerte"
"Albemarle","Compra","Compra fuerte","Compra fuerte","Compra fuerte","Compra fuerte"
"Raymond James Financial",,,,,
"United Airlines Holdings","Venta fuerte","Neutral","Compra fuerte","Compra fuerte","Compra fuerte"
"Symrise AG",,,,,
"Telefonica Brasil SA",,,,,
"Erste Bank","Compra fuerte","Compra fuerte","Compra fuerte","Compra fuerte","Compra fuerte"
"Devon Energy","Neutral","Compra fuerte","Compra fuerte","Compra fuerte","Compra fuerte"
"Carrefour","Compra fuerte","Compra fuerte","Compra fuerte","Compra fuerte","Compra fuerte"
"Teck Resources B","Venta fuerte","Neutral","Compra fuerte","Compra fuerte","Compra fuerte"
"Check Point Software","Neutral","Neutral","Compra fuerte","Compra fuerte","Compra fuerte"
"Masco","Compra fuerte","Compra fuerte","Compra fuerte","Compra fuerte","Compra fuerte"
"Westinghouse Air Brake",,,,,
"Textron","Compra fuerte","Compra fuerte","Compra fuerte","Compra fuerte","Compra fuerte"
"Wynn Resorts","Venta fuerte","Venta","Neutral","Neutral","Compra fuerte"
"PulteGroup","Compra fuerte","Compra fuerte","Compra fuerte","Compra fuerte","Compra fuerte"
"Ryanair ADR","Compra","Compra","Compra","Compra","Compra fuerte"
"Ryanair",,,,,
"American Airlines","Venta fuerte","Venta","Compra fuerte","Compra fuerte","Compra fuerte"
"Citrix Systems","Venta fuerte","Venta fuerte","Venta fuerte","Venta fuerte","Venta"
"Koninklijke KPN",,,,,
"Aluminum China ADR","Compra fuerte","Compra fuerte","Compra fuerte","Compra fuerte","Compra fuerte"
"Tenaris","Compra fuerte","Compra fuerte","Compra","Neutral","Compra"
"Mosaic","Neutral","Compra fuerte","Neutral","Compra fuerte","Compra fuerte"
"Mtu Aero Engines Holding AG","Neutral","Neutral","Neutral","Neutral","Compra fuerte"
"KB Financial","Compra fuerte","Compra fuerte","Compra fuerte","Compra fuerte","Compra fuerte"
"Aeroports Paris",,,,,
"Shinhan","Compra fuerte","Compra fuerte","Compra","Compra fuerte","Compra"
"Steel Dynamics","Compra","Compra fuerte","Compra","Compra fuerte","Compra fuerte"
"RH","Venta","Neutral","Compra fuerte","Compra fuerte","Compra fuerte"
"ABIOMED","Neutral","Neutral","Venta fuerte","Venta fuerte","Compra fuerte"
"Grifols Pref","Compra fuerte","Compra","Compra","Neutral","Venta fuerte"
"Allegion PLC","Compra fuerte","Compra fuerte","Compra fuerte","Compra fuerte","Compra fuerte"
"Gap","Compra","Venta","Venta","Compra fuerte","Compra fuerte"
"Newell Brands",,,,,
"Autohome ADR","Neutral","Venta fuerte","Neutral","Neutral","Compra fuerte"
"Teva ADR","Venta fuerte","Venta fuerte","Venta fuerte","Venta fuerte","Venta fuerte"
"SID Nacional ADR","Venta","Venta fuerte","Neutral","Neutral","Compra fuerte"
"Lear",,,,,
"Bausch Health","Compra fuerte","Compra fuerte","Compra","Neutral","Compra fuerte"
"IPG Photonics","Venta fuerte","Venta fuerte","Venta fuerte","Venta","Compra"
"Credicorp","Compra fuerte","Venta fuerte","Venta fuerte","Venta fuerte","Venta fuerte"
"Kingfisher","Compra fuerte","Compra fuerte","Compra fuerte","Compra fuerte","Compra fuerte"
"Norwegian Cruise Line","Venta fuerte","Neutral","Compra","Neutral","Neutral"
"Accor","Compra","Compra fuerte","Compra fuerte","Compra fuerte","Compra fuerte"
"Western Union",,,,,
"Empresas Cablevision",,,,,
"Commerzbank",,,,,
"Siemens","Venta fuerte","Venta fuerte","Venta fuerte","Compra","Compra fuerte"
"AGNC Invest","Compra","Compra fuerte","Compra fuerte","Compra fuerte","Compra fuerte"
"Arca Continental","Compra fuerte","Compra","Compra","Compra fuerte","Compra fuerte"
"Weibo Corp","Compra","Compra","Compra fuerte","Compra","Neutral"
"Fresnillo","Venta fuerte","Venta fuerte","Venta fuerte","Venta fuerte","Venta fuerte"
"Marathon Oil","Venta fuerte","Venta fuerte","Venta fuerte","Compra fuerte","Compra fuerte"
"Cleveland-Cliffs","Venta fuerte","Venta fuerte","Venta fuerte","Compra","Compra fuerte"
"Bimbo","Venta fuerte","Venta fuerte","Venta fuerte","Venta fuerte","Compra"
"Flex","Venta fuerte","Venta fuerte","Venta","Neutral","Compra fuerte"
"Ubisoft Entertainment SA","Venta fuerte","Venta fuerte","Venta fuerte","Venta fuerte","Venta fuerte"
"Becle","Compra fuerte","Compra fuerte","Neutral","Compra fuerte","Compra fuerte"
"Crispr Therapeutics","Neutral","Compra","Venta","Venta fuerte","Compra"
"VAT Group",,,,,
"Kohls Corp","Venta fuerte","Venta fuerte","Neutral","Compra","Compra fuerte"
"J Sainsbury","Compra fuerte","Compra fuerte","Compra fuerte","Compra fuerte","Compra fuerte"
"Under Armour A","Venta","Venta","Venta fuerte","Neutral","Compra fuerte"
"Lamercial","Venta fuerte","Venta","Neutral","Venta fuerte","Compra fuerte"
"First Solar","Compra fuerte","Compra fuerte","Neutral","Venta fuerte","Compra"
"Berkeley",,,,,
"Santander Mexico B","Venta fuerte","Compra fuerte","Compra fuerte","Compra fuerte","Compra fuerte"
"Polaris Industries","Compra fuerte","Compra fuerte","Compra fuerte","Compra fuerte","Compra fuerte"
"APA Corp","Venta","Neutral","Compra fuerte","Compra fuerte","Compra"
"YY A","Neutral","Venta","Compra","Neutral","Compra fuerte"
"Cabot Oil&Gas","Neutral","Venta","Venta fuerte","Venta fuerte","Venta fuerte"
"Grupo Televisa Unit","Compra fuerte","Neutral","Compra fuerte","Compra fuerte","Compra"
"Alcoa","Venta fuerte","Venta fuerte","Venta","Compra fuerte","Compra fuerte"
"Weir Group",,,,"Compra fuerte",
"GMexico Transportes","Compra fuerte","Compra fuerte","Compra fuerte","Compra fuerte","Compra fuerte"
"Timken","Compra fuerte","Compra fuerte","Compra fuerte","Compra fuerte","Compra fuerte"
"Grupo Carso A1","Venta fuerte","Venta fuerte","Venta fuerte","Compra","Compra fuerte"
"Topbuild Corp","Neutral","Neutral","Compra fuerte","Compra fuerte","Compra fuerte"
"United States Steel","Venta fuerte","Venta fuerte","Venta","Compra fuerte","Compra fuerte"
"Megacable Cpo","Compra fuerte","Compra fuerte","Neutral","Venta","Compra fuerte"
"Nov","Neutral","Neutral","Neutral","Venta fuerte","Venta fuerte"
"Grupo Financiero Inbursa","Neutral","Neutral","Compra fuerte","Compra fuerte","Neutral"
"IENOVA","Compra fuerte","Compra","Neutral","Compra fuerte","Compra fuerte"
"JetBlue","Venta fuerte","Venta fuerte","Venta","Neutral","Compra fuerte"
"Colgate-Palmolive","Compra fuerte","Compra fuerte","Compra fuerte","Compra fuerte","Compra fuerte"
"Evercore","Compra fuerte","Compra fuerte","Compra fuerte","Compra fuerte","Compra fuerte"
"Grupo Aeroportuario del Pacifico B","Compra fuerte","Neutral","Compra","Compra","Compra fuerte"
"Procter&Gamble","Neutral","Compra","Compra fuerte","Compra fuerte","Compra fuerte"
"El Puerto de Liverpool C","Neutral","Compra fuerte","Compra fuerte","Compra fuerte","Compra"
"Asur  B","Compra fuerte","Compra fuerte","Compra fuerte","Compra fuerte","Compra fuerte"
"El Puerto de Liverpool","Neutral","Compra","Compra fuerte","Compra fuerte","Compra"
"IDEAL B1","Compra fuerte","Compra fuerte","Compra fuerte","Compra fuerte","Compra fuerte"
"Peñoles","Venta fuerte","Venta fuerte","Venta fuerte","Venta fuerte","Neutral"
"Orbia Advance","Venta fuerte","Venta fuerte","Neutral","Compra fuerte","Compra fuerte"
"Macy’s Inc","Neutral","Compra fuerte","Compra fuerte","Compra fuerte","Compra fuerte"
"Chemours Co","Venta","Neutral","Compra fuerte","Compra fuerte","Compra fuerte"
"Gerdau ADR","Neutral","Venta fuerte","Compra","Compra fuerte","Compra fuerte"
"Axtel Cpo","Compra fuerte","Compra fuerte","Neutral","Venta fuerte","Neutral"
"Kimberly-Clark de Mexico A","Compra","Neutral","Compra","Neutral","Compra fuerte"
"Kimberly-Clark de Mexico B","Compra","Neutral","Neutral","Venta fuerte","Neutral"
"Nomad Foods","Compra fuerte","Compra fuerte","Compra fuerte","Compra fuerte","Compra fuerte"
"TIM Participacoes",,,,,
"Meggitt",,,,,
"Sabesp ADR","Compra fuerte","Venta","Venta fuerte","Venta fuerte","Venta fuerte"
"Spectris",,,,,
"Virgin Galactic Holdings","Compra","Compra fuerte","Neutral","Venta fuerte","Neutral"
"Gruma SAB de CV","Compra fuerte","Compra fuerte","Venta fuerte","Venta fuerte","Compra"
"MGIC Investment",,,,,
"BlackBerry","Venta","Venta","Compra fuerte","Neutral","Compra"
"Fibra Uno Administracion SA de CV","Venta fuerte","Venta fuerte","Neutral","Compra fuerte","Compra fuerte"
"China Biologic",,,,,
"Goodyear Tire & Rubber Co","Compra fuerte","Compra fuerte","Compra fuerte","Compra fuerte","Compra fuerte"
"Telesites SAB de CV","Neutral","Venta","Venta fuerte","Venta fuerte","Compra"
"KB Home","Neutral","Compra","Compra fuerte","Compra fuerte","Compra fuerte"
"Braskem A","Neutral","Venta","Compra fuerte","Compra fuerte","Neutral"
"Turkcell Iletisim Hizmetleri",,,,,
"BRF ADR","Venta fuerte","Venta fuerte","Venta fuerte","Venta fuerte","Venta fuerte"
"Elis Services SA","Compra fuerte","Compra","Compra","Compra",
"Companhia Brasileira de Distribuicao","Venta fuerte","Venta fuerte","Venta fuerte","Venta fuerte","Venta fuerte"
"Ultrapar Participacoes",,,,,
"Acerinox",,,,,
"Whirlpool","Compra fuerte","Compra fuerte","Compra fuerte","Compra fuerte","Compra fuerte"
"Range Resources",,,,,
"Cie Automotive SA","Compra fuerte","Compra fuerte","Compra fuerte","Compra fuerte","Compra fuerte"
"CEMIG Pref ADR","Venta fuerte","Venta fuerte","Venta fuerte","Venta fuerte","Venta fuerte"
"Fonciere Lyonnais",,,"Compra fuerte","Compra fuerte","Compra fuerte"
"Alfa A","Compra fuerte","Compra fuerte","Compra fuerte","Compra fuerte","Neutral"
"Simec B","Venta","Compra","Compra fuerte","Compra fuerte","Compra fuerte"
"COPEL Pref ADR","Venta fuerte","Venta fuerte","Neutral","Venta fuerte","Venta fuerte"
"Swatch Group",,,,"Compra fuerte",
"3D Systems","Compra","Compra fuerte","Compra fuerte","Neutral","Compra fuerte"
"Kansas City Southern","Neutral","Compra","Compra fuerte","Compra fuerte","Compra fuerte"
"PINFRA","Venta fuerte","Venta fuerte","Venta fuerte","Venta fuerte","Venta fuerte"
"Viscofan",,,,,
"Pfizer","Venta fuerte","Neutral","Compra fuerte","Compra fuerte","Compra fuerte"
"Ternium ADR","Compra fuerte","Compra fuerte","Neutral","Compra fuerte","Compra fuerte"
"Baozun Inc","Compra fuerte","Neutral","Venta","Venta fuerte","Venta"
"Trinity Industries","Venta fuerte","Venta fuerte","Neutral","Compra","Compra fuerte"
"Industrias Ch B","Compra fuerte","Neutral","Compra fuerte","Compra fuerte","Compra fuerte"
"Buenaventura Mining ADR",,,,,
"Mednax",,,,,
"Moctezuma","Venta fuerte","Venta fuerte","Neutral","Compra fuerte","Compra fuerte"
"SINA Corp","Neutral","Compra","Compra","Neutral",
"Bed Bath&Beyond","Venta","Venta fuerte","Venta fuerte","Venta fuerte","Compra fuerte"
"Fluor","Venta fuerte","Venta fuerte","Venta fuerte","Venta fuerte","Neutral"
"Alpek SAB de CV","Compra fuerte","Compra fuerte","Compra fuerte","Compra fuerte","Compra fuerte"
"Qualitas Controladora","Compra fuerte","Neutral","Neutral","Neutral","Compra fuerte"
"OMA B","Venta fuerte","Venta fuerte","Venta fuerte","Neutral","Compra fuerte"
"Opko Health","Venta fuerte","Venta fuerte","Venta fuerte","Venta fuerte","Venta fuerte"
"Grupo Cementos","Compra fuerte","Compra fuerte","Compra fuerte","Compra fuerte","Compra fuerte"
"Transocean","Venta","Venta","Compra","Compra fuerte","Compra"
"ODP","Venta fuerte","Neutral","Compra fuerte","Compra fuerte","Compra fuerte"
"Industrias Bachoco","Venta fuerte","Venta","Compra fuerte","Compra fuerte","Compra fuerte"
"Embraer ADR","Compra fuerte","Compra fuerte","Compra fuerte","Compra fuerte","Neutral"
"Promotora y Operadora de Infraestr","Venta fuerte","Venta fuerte","Venta fuerte","Venta fuerte","Venta fuerte"
"Grupo Sanborns SAB de CV","Venta fuerte","Venta","Compra fuerte","Compra fuerte","Neutral"
"Genworth","Neutral","Neutral","Compra fuerte","Compra fuerte","Compra"
"Controladora Vuela","Venta fuerte","Neutral","Compra fuerte","Compra fuerte","Compra fuerte"
"Vodafone Group ADR","Neutral","Venta","Venta fuerte","Neutral","Neutral"
"Grupo Nagoin","Compra","Compra fuerte","Compra fuerte","Compra fuerte","Compra fuerte"
"Stabilus",,,,,
"FibroGen Inc","Venta fuerte","Venta fuerte","Venta fuerte","Venta fuerte","Venta fuerte"
"Banco del Bajio","Compra fuerte","Compra fuerte","Compra fuerte","Compra fuerte","Compra fuerte"
"Prologis Property Mexico","Compra fuerte","Compra fuerte","Compra fuerte","Compra fuerte","Compra fuerte"
"Grupo LALA SA de CV","Neutral","Compra fuerte","Compra fuerte","Compra","Compra"
"Aleatica","Compra fuerte","Compra","Venta fuerte","Venta fuerte","Neutral"
"Concentradora Fibra Danhos","Compra fuerte","Compra fuerte","Compra","Venta fuerte","Neutral"
"Air Transport Services","Neutral","Neutral","Neutral","Compra fuerte","Compra fuerte"
"Gol Linhas Aereas ADR","Compra fuerte","Compra fuerte","Neutral","Neutral","Neutral"
"Banregio Grupo Financiero O","Compra fuerte","Compra fuerte","Compra fuerte","Compra fuerte","Compra fuerte"
"Silicon Motion","Compra fuerte","Compra fuerte","Compra fuerte","Compra fuerte","Compra fuerte"
"Soriana B","Compra fuerte","Compra fuerte","Neutral","Venta fuerte","Neutral"
"Rassini SAB de CV",,,,,
"Fragua B","Compra fuerte","Compra fuerte","Compra fuerte","Compra fuerte","Compra fuerte"
"GoPro Inc","Venta","Venta fuerte","Venta","Neutral","Compra fuerte"
"Grupo Comercial Chedraui B","Compra","Compra fuerte","Compra","Compra fuerte","Compra fuerte"
"Oi ADR Pref","Neutral","Neutral","Neutral","Venta fuerte","Venta fuerte"
"Infraestructura Viable",,,,,
"BASF","Neutral","Neutral","Neutral","Compra fuerte","Compra fuerte"
"Bolsa Mexicana de Valores A","Compra","Venta","Venta fuerte","Compra fuerte","Compra fuerte"
"Alsea","Venta","Venta fuerte","Venta fuerte","Neutral","Compra fuerte"
"Grupo Nacional Provincial","Compra","Compra","Neutral","Neutral","Compra fuerte"
"Transportadora Gas ADR","Neutral","Venta","Venta fuerte","Venta fuerte","Venta"
"Minera Frisco","Compra","Compra fuerte","Neutral","Venta fuerte","Neutral"
"Gigante","Neutral","Neutral","Venta fuerte","Neutral","Venta"
"FIBRA Terrafina","Compra fuerte","Compra fuerte","Compra fuerte","Compra fuerte","Compra fuerte"
"Cibanco","Venta fuerte","Venta fuerte","Venta fuerte","Compra","Compra fuerte"
"Now Inc","Venta fuerte","Neutral","Neutral","Neutral","Neutral"
"Corporacion Inmobiliaria Vesta SAB","Compra fuerte","Compra","Compra fuerte","Neutral","Compra fuerte"
"KUO A","Venta","Venta fuerte","Venta fuerte","Venta fuerte","Venta"
"Grupo Palacio 1","Neutral","Venta","Venta","Neutral","Neutral"
"Genomma Lab B","Compra fuerte","Compra","Neutral","Compra fuerte","Compra fuerte"
"JinkoSolar","Compra fuerte","Compra fuerte","Venta fuerte","Venta fuerte","Neutral"
"Nemak SAB de CV","Compra fuerte","Compra fuerte","Compra fuerte","Compra fuerte","Neutral"
"KUO B","Compra fuerte","Compra fuerte","Neutral","Venta fuerte","Neutral"
"Hertz Global Holdings",,,,,
"Grupo Profuturo","Compra","Neutral","Neutral","Compra fuerte","Compra fuerte"
"Grupo Traxion","Neutral","Neutral","Compra fuerte","Compra fuerte","Compra fuerte"
"Gentera SAB de CV","Compra","Compra fuerte","Compra fuerte","Compra fuerte","Neutral"
"Herdez","Venta fuerte","Venta fuerte","Compra","Compra fuerte","Compra fuerte"
"Lamosa","Neutral","Compra","Compra fuerte","Compra fuerte","Compra fuerte"
"Rotoplas SA de CV","Compra fuerte","Compra fuerte","Compra fuerte","Compra fuerte","Compra fuerte"
"GBM O","Compra fuerte","Compra","Compra fuerte","Compra fuerte","Compra"
"Macquarie Mexico Real Estate","Venta fuerte","Venta fuerte","Venta fuerte","Venta fuerte","Neutral"
"Bio Pappel SAB DE CV","Compra fuerte","Compra fuerte","Compra fuerte","Compra fuerte","Compra fuerte"
"Rassini SAB de CV A",,,,,
"RLH Properties","Neutral","Neutral","Compra fuerte","Neutral","Venta fuerte"
"Tec. Reunidas",,,,,
"Elementia SA de CV","Compra","Compra","Compra fuerte","Compra fuerte","Compra fuerte"
"Controladora Nemak","Neutral","Compra fuerte","Compra fuerte","Compra fuerte","Compra fuerte"
"Heidelbergcement",,,,,
"Value GF","Compra","Compra fuerte","Venta","Venta fuerte","Venta fuerte"
"DIA",,,,,
"Vitro A","Neutral","Venta","Venta fuerte","Venta fuerte","Venta fuerte"
"Bafar B","Neutral","Venta fuerte","Venta fuerte","Venta fuerte","Venta fuerte"
"Fibra MtyPI","Neutral","Venta fuerte","Venta","Compra","Compra fuerte"
"Unifin Financiera SAPI de CV SOFOM","Venta fuerte","Venta fuerte","Venta","Neutral","Neutral"
"Invex Control A","Venta","Venta","Venta","Venta","Venta"
"Grupo Posadas A","Compra fuerte","Compra fuerte","Compra fuerte","Neutral","Venta fuerte"
"Dine A","Compra fuerte","Compra fuerte","Compra fuerte","Compra fuerte","Compra fuerte"
"McEwen Mining Inc","Compra fuerte","Compra fuerte","Compra","Compra","Compra"
"Dine B","Compra","Compra fuerte","Compra fuerte","Compra fuerte","Compra fuerte"
"Grupo Industrial Saltillo SAB de CV","Compra","Compra fuerte","Compra fuerte","Compra fuerte","Compra fuerte"
"Cultiba SAB","Compra fuerte","Compra","Venta fuerte","Venta fuerte","Venta fuerte"
"Allianz","Compra fuerte","Compra fuerte","Compra fuerte","Compra fuerte","Compra fuerte"
"Concentradora HipotecariaPI","Compra fuerte","Compra fuerte","Compra fuerte","Compra fuerte","Compra fuerte"
"Cydsa A","Venta fuerte","Venta fuerte","Venta fuerte","Venta fuerte","Venta fuerte"
"Internacional  Ceramica B","Neutral","Neutral","Compra fuerte","Compra fuerte","Compra fuerte"
"Consorcio Aristos",,,,,
"Consorcio Ara","Compra fuerte","Compra","Compra","Compra fuerte","Compra fuerte"
"Proyectos Inmobiliarios Carne Mart","Venta fuerte","Venta fuerte","Venta fuerte","Compra fuerte","Compra fuerte"
"Holding Monex SAB de CV","Compra","Compra","Compra fuerte","Compra fuerte","Compra"
"Proteak Uno SAB de CV","Neutral","Compra fuerte","Compra fuerte","Compra","Venta fuerte"
"Vinte Viviendas Integrales","Compra fuerte","Neutral","Compra","Compra","Compra fuerte"
"Planigrupo Latam",,,,,
"Farmacias Benavides B","Venta fuerte","Venta fuerte","Venta fuerte","Venta fuerte","Venta"
"Grupo Financiero Multiva",,,,,
"Actinver B","Venta","Neutral","Compra fuerte","Compra fuerte","Compra fuerte"
"Vista Oil Gas","Compra fuerte","Compra fuerte","Compra fuerte","Compra fuerte","Venta"
"CIE B","Neutral","Neutral","Compra fuerte","Compra fuerte","Compra"
"Grupo Gicsa SA de CV","Compra fuerte","Compra fuerte","Venta","Venta fuerte","Venta fuerte"
"Minsa B","Neutral","Venta fuerte","Venta fuerte","Venta fuerte","Neutral"
"Pena VerdeB","Compra fuerte","Compra fuerte","Compra fuerte","Compra fuerte","Compra fuerte"
"Tv Azteca Cpo","Venta fuerte","Compra","Compra fuerte","Compra fuerte","Neutral"
"Servicios Corporativos Javer",,,,,
"Concentradora Fibra Hotelera Mexicana","Compra fuerte","Compra fuerte","Compra fuerte","Compra","Neutral"
"Minera Autlan B","Compra fuerte","Neutral","Venta fuerte","Compra","Compra fuerte"
"Medica SUR B","Compra","Compra fuerte","Compra","Neutral","Compra fuerte"
"Aeromexico","Venta fuerte","Venta","Venta fuerte","Venta fuerte","Venta fuerte"
"Fibra Shop Portafolios InmobiliariosPI","Venta fuerte","Venta fuerte","Neutral","Neutral","Neutral"
"Accel B","Compra","Compra","Compra","Neutral","Compra"
"Fibra Plus","Venta","Venta","Venta fuerte","Venta fuerte","Venta fuerte"
"Grupo Hotelero Santa Fe SAB de CV","Venta fuerte","Venta fuerte","Venta","Neutral","Compra"
"Grupo Mexicano de Desarrollo (GMD)","Neutral","Venta fuerte","Venta fuerte","Venta fuerte","Venta fuerte"
"Credito Real SAPI","Venta fuerte","Venta fuerte","Venta fuerte","Venta fuerte","Venta fuerte"
"Grupe SAB de CV","Compra fuerte","Neutral","Venta","Venta fuerte","Venta fuerte"
"Financiera Independencia","Venta fuerte","Venta fuerte","Venta fuerte","Venta","Neutral"
"Grupo Vasconia","Compra","Compra fuerte","Compra fuerte","Compra fuerte","Compra fuerte"
"Hoteles City Express SAB de CV","Venta fuerte","Venta fuerte","Venta fuerte","Venta fuerte","Venta fuerte"
"Finamex O",,,,,
"FIBRA HD","Compra fuerte","Neutral","Venta fuerte","Venta fuerte","Venta fuerte"
"Pasa B","Neutral","Venta","Neutral","Venta","Venta fuerte"
"Collado SA","Neutral","Venta fuerte","Venta","Venta fuerte","Neutral"
"Administradora de Activos Fibra","Venta fuerte","Venta fuerte","Venta fuerte","Venta fuerte","Venta fuerte"
"Almaden Minerals","Compra fuerte","Compra fuerte","Venta fuerte","Venta fuerte","Venta fuerte"
"Air Liquide","Compra","Compra","Compra","Compra fuerte","Compra fuerte"
"Cadu Inmobiliaria SA de CV","Neutral","Compra","Venta fuerte","Venta fuerte","Venta fuerte"
"Mexicana Rest B","Venta fuerte","Venta fuerte","Venta fuerte","Venta fuerte","Venta fuerte"
"Grupo Radio Centro A","Venta fuerte","Venta fuerte","Venta fuerte","Venta fuerte","Venta fuerte"
"UTStarcom","Venta fuerte","Venta fuerte","Venta fuerte","Venta fuerte","Venta fuerte"
"Empresas ICA",,,,,
"Pochteca B","Neutral","Compra","Neutral","Neutral","Venta fuerte"
"Grupo Sports","Venta fuerte","Venta fuerte","Venta fuerte","Venta fuerte","Venta fuerte"
"Tmm A","Venta","Compra fuerte","Compra fuerte","Neutral","Venta fuerte"
"Procorp SA B","Compra fuerte","Venta fuerte","Venta fuerte","Venta fuerte","Venta fuerte"
"Diamond Offshore Drilling",,,,,
"Convertidora Industrial SAB De CV","Venta","Venta fuerte","Venta fuerte","Venta fuerte","Venta fuerte"
"Maxcom Telecom","Venta fuerte","Venta fuerte","Neutral","Venta fuerte","Venta fuerte"
"Grupo Famsa A","Venta fuerte","Venta fuerte","Venta fuerte","Venta fuerte","Venta"
"Desarrolladora Homex","Compra","Compra fuerte","Venta fuerte","Venta fuerte","Venta fuerte"
"Goldgroup Mining Inc","Venta fuerte","Venta","Venta fuerte","Venta fuerte","Venta fuerte"
"Sare Holding B",,,,,
"Urbi Desarrollos Urbanos","Venta fuerte","Venta fuerte","Venta fuerte","Venta fuerte","Venta fuerte"
"Edoardos Martin B",,,,,
"Himexsa",,,,,
"Dinamico De Inversiones Bursatiles",,,,,
"Gbm Fondo Personas Morales Exentas","Compra fuerte","Compra fuerte","Compra fuerte","Compra fuerte","Compra fuerte"
"Gbm Inversiones Bursatiles Sa De","Venta","Venta fuerte","Venta fuerte","Venta fuerte","Venta fuerte"
"Santander De Deuda Prevision Social",,,,,
"Vector Fondo Md Siid B",,,,,
"Interacciones Pm 1 Sa De Cv Siid B",,,,,
"Interacciones 1 Sa De Cv Siid B5",,,,,
"Valmex Corporativo Sa De Cv B1Nc",,,,,
"Bbva Bancomer Deuda Empresas Sa CV",,,,,
"Upsite Mexico","Neutral","Neutral","Compra","Neutral","Compra"
"Gafisa ADR",,,,,
"Hsbc V3 Sa De Cv Sirv Bfp",,,,,
"Inburex Sa De Cv Siid B",,,,,
"Santander De Deuda Gubernamental Sa",,,,,
"Valorum Tres Sa De Cv B",,,,,
"Value Monterrey Sa De Cv Sirv B","Venta fuerte","Venta fuerte","Venta fuerte","Venta fuerte","Venta fuerte"
"Dinero Inbursa Sa De Cv B","Compra fuerte","Compra fuerte","Compra fuerte","Compra fuerte","Compra fuerte"
"Nikola","Venta fuerte","Venta fuerte","Neutral","Venta fuerte","Venta"
"Valmex De Rendimiento Sa De Cv Sirv",,,,,
"Afirplus Sa De Cv Siid B","Compra fuerte","Compra fuerte","Compra fuerte","Compra fuerte","Compra fuerte"
"Latin 3 Sa De Cv C",,,,,
"Bbva Bancomer Indizado Sa Cv P","Compra fuerte","Compra fuerte","Compra fuerte","Compra fuerte","Compra fuerte"
"Afircor Sa De Cv Sirv B","Neutral","Neutral","Neutral","Compra fuerte","Compra fuerte"
"Latin 5 Sa De Cv B",,,,,
"Gbm Valores De Deuda Sa De Cv Siid","Compra fuerte","Compra fuerte","Compra fuerte","Compra fuerte","Compra fuerte"
"Santander Plus De Corto Plazo Sa",,,,,
"Peloton Interactive","Compra fuerte","Compra fuerte","Compra","Venta","Compra fuerte"
"Jumia Tech","Compra fuerte","Compra fuerte","Neutral","Venta fuerte","Neutral"
"Fastly","Venta","Compra fuerte","Venta fuerte","Venta fuerte","Venta fuerte"
